timestamp,adjusted,accX,accY,accZ,gyroX,gyroY,gyroZ,magX,magY,magZ,latitude,longitude,gpsAltitude,Speed,SatCount,roll,pitch,yaw,pressure,temperature,paltitude
112495,0,-0.07,-0.09,1.02,0.37,-0.31,-0.12,-48,44,94,53.393185,10.314932,-2.9,0.46,12,0,0,0,101.47,0,-24.48
112631,0.136,-0.07,-0.09,1.02,0.73,-0.24,-0.12,-47,44,92,53.393185,10.314932,-2.9,0.46,12,0,0,0,101.47,0,-24.46
112669,0.174,-0.07,-0.08,1.02,0.37,-0.37,-0.12,-47,44,92,53.393185,10.314932,-2.9,0.46,12,0,0,0,101.47,0,-24.14
112708,0.213,-0.07,-0.08,1.03,0.79,-0.24,-0.31,-47,44,92,53.393185,10.314932,-2.9,0.46,12,0,0,0,101.47,0,-23.8
112747,0.252,-0.07,-0.08,1.02,0.12,-0.43,-0.31,-45,42,95,53.393185,10.314932,-2.9,0.46,12,0,0,0,101.47,0,-24.14
112786,0.291,-0.07,-0.09,1.02,0.37,-0.43,-0.18,-45,42,95,53.393185,10.314932,-2.9,0.46,12,0,0,0,101.47,0,-23.98
112826,0.331,-0.07,-0.09,1.02,0.31,-0.31,-0.18,-48,44,94,53.393185,10.314932,-2.9,0.46,12,0,0,0,101.47,0,-23.76
112864,0.369,-0.07,-0.09,1.02,-0.18,-0.55,-0.06,-48,44,94,53.393185,10.314932,-2.9,0.46,12,0,0,0,101.47,0,-24.02
112902,0.407,-0.07,-0.08,1.02,0.43,-0.31,-0.24,-48,44,94,53.393185,10.314932,-2.9,0.46,12,0,0,0,101.47,0,-24.18
112942,0.447,-0.07,-0.08,1.03,-0.37,-0.55,-0.12,-47,41,92,53.393185,10.314932,-2.9,0.46,12,0,0,0,101.47,0,-24.54
112981,0.486,-0.07,-0.09,1.02,0.49,-0.31,-0.12,-47,41,92,53.393185,10.314932,-2.9,0.46,12,0,0,0,101.47,0,-24.68
113020,0.525,-0.07,-0.08,1.02,0.31,-0.31,-0.12,-50,43,92,53.393188,10.314932,-2.9,0.24,12,0,0,0,101.47,0,-24.18
113059,0.564,-0.07,-0.09,1.02,0.37,-0.24,-0.24,-50,43,92,53.393188,10.314932,-2.9,0.24,12,0,0,0,101.47,0,-24.3
113097,0.602,-0.07,-0.09,1.02,0.43,-0.31,-0.24,-50,43,92,53.393188,10.314932,-2.9,0.24,12,0,0,0,101.47,0,-24.1
113137,0.642,-0.07,-0.09,1.03,0.12,-0.37,-0.18,-48,44,90,53.393188,10.314932,-2.9,0.17,12,0,0,0,101.47,0,-24.38
113176,0.681,-0.07,-0.09,1.02,-0.06,-0.31,-0.12,-48,44,90,53.393188,10.314932,-2.9,0.17,12,0,0,0,101.47,0,-24.42
113215,0.72,-0.07,-0.09,1.02,0.31,-0.31,-0.12,-48,44,90,53.393188,10.314932,-2.9,0.17,12,0,0,0,101.48,0,-24.96
113256,0.761,-0.07,-0.09,1.02,0.49,-0.31,-0.18,-50,42,88,53.393188,10.314932,-2.9,0.06,12,0,0,0,101.47,0,-23.74
113294,0.799,-0.07,-0.08,1.02,0.43,-0.31,-0.18,-50,42,88,53.393188,10.314932,-2.9,0.06,12,0,0,0,101.47,0,-24.42
113334,0.839,-0.07,-0.09,1.02,0.12,-0.43,-0.12,-48,42,96,53.393188,10.314932,-2.9,0.06,12,0,0,0,101.48,0,-25.12
113374,0.879,-0.07,-0.09,1.02,0.18,-0.43,-0.12,-48,42,96,53.393188,10.314932,-2.8,0.06,12,0,0,0,101.47,0,-24.02
113413,0.918,-0.07,-0.09,1.02,0.24,-0.31,-0.24,-48,42,96,53.393188,10.314932,-2.8,0.06,12,0,0,0,101.47,0,-24.36
113453,0.958,-0.07,-0.09,1.02,0.85,-0.24,-0.24,-46,41,91,53.393188,10.314932,-2.8,0.06,12,0,0,0,101.47,0,-24.18
113492,0.997,-0.07,-0.09,1.02,0,-0.31,-0.24,-46,41,91,53.393188,10.314932,-2.8,0.06,12,0,0,0,101.47,0,-24.48
113532,1.037,-0.07,-0.09,1.02,0.31,-0.37,-0.12,-48,41,92,53.393188,10.314932,-2.8,0.06,12,0,0,0,101.47,0,-24.7
113691,1.196,-0.07,-0.09,1.03,0.18,-0.43,-0.12,-46,41,96,53.393188,10.314932,-2.8,0.06,12,0,0,0,101.48,0,-24.98
113731,1.236,-0.07,-0.08,1.02,-0.12,-0.49,-0.06,-48,41,94,53.393188,10.314933,-2.8,0.06,12,0,0,0,101.47,0,-24.32
113770,1.275,-0.07,-0.09,1.02,0.18,-0.43,-0.24,-48,41,94,53.393188,10.314933,-2.8,0.06,12,0,0,0,101.47,0,-24.02
113808,1.313,-0.07,-0.09,1.02,0.67,-0.31,-0.24,-48,41,94,53.393188,10.314933,-2.8,0.06,12,0,0,0,101.48,0,-25.16
113848,1.353,-0.07,-0.08,1.02,0.31,-0.37,0,-49,45,90,53.393188,10.314933,-2.8,0.06,12,0,0,0,101.47,0,-24.68
113887,1.392,-0.07,-0.09,1.02,-0.06,-0.55,-0.06,-49,45,90,53.393188,10.314933,-2.8,0.06,12,0,0,0,101.47,0,-23.6
113927,1.432,-0.07,-0.08,1.02,0.12,-0.43,-0.18,-50,43,94,53.393188,10.314933,-2.8,0.06,12,0,0,0,101.48,0,-25.4
113966,1.471,-0.07,-0.09,1.02,0.43,-0.37,-0.18,-50,43,94,53.393188,10.314933,-2.8,0.06,12,0,0,0,101.47,0,-24.76
114005,1.51,-0.07,-0.09,1.02,0.49,-0.31,-0.12,-50,43,94,53.393188,10.314933,-2.8,0.06,12,0,0,0,101.47,0,-24.86
114045,1.55,-0.07,-0.08,1.02,0.24,-0.43,-0.18,-46,38,97,53.393188,10.314933,-2.8,0.06,12,0,0,0,101.48,0,-25.16
114083,1.588,-0.07,-0.08,1.02,-0.12,-0.43,-0.06,-46,38,97,53.393188,10.314933,-2.8,0.06,12,0,0,0,101.47,0,-24.88
114123,1.628,-0.07,-0.09,1.02,0.06,-0.37,-0.24,-46,44,94,53.393188,10.314933,-2.8,0.06,12,0,0,0,101.48,0,-25.42
114162,1.667,-0.07,-0.08,1.03,0.43,-0.31,-0.18,-46,44,94,53.393188,10.314933,-2.8,0.07,12,0,0,0,101.48,0,-25.04
114201,1.706,-0.07,-0.09,1.02,0.49,-0.31,-0.18,-46,44,94,53.393188,10.314933,-2.8,0.07,12,0,0,0,101.47,0,-24.74
114240,1.745,-0.07,-0.09,1.02,0.24,-0.43,-0.06,-49,42,97,53.393188,10.314933,-2.8,0.07,12,0,0,0,101.47,0,-24.72
114278,1.783,-0.07,-0.08,1.02,0.18,-0.37,-0.06,-49,42,97,53.393188,10.314932,-2.8,0.19,12,0,0,0,101.47,0,-24.96
114317,1.822,-0.07,-0.08,1.02,0.12,-0.37,-0.31,-49,42,97,53.393188,10.314932,-2.8,0.19,12,0,0,0,101.48,0,-25.08
114356,1.861,-0.07,-0.09,1.02,0.37,-0.37,-0.18,-48,40,92,53.393188,10.314932,-2.8,0.19,12,0,0,0,101.47,0,-24.82
114395,1.9,-0.07,-0.09,1.02,0.61,-0.24,-0.06,-48,40,92,53.393188,10.314932,-2.8,0.33,12,0,0,0,101.48,0,-25.06
114435,1.94,-0.07,-0.09,1.03,0.37,-0.31,-0.06,-50,43,92,53.393188,10.314932,-2.8,0.33,12,0,0,0,101.47,0,-24.76
114474,1.979,-0.07,-0.09,1.02,0.31,-0.31,-0.24,-50,43,92,53.393188,10.314932,-2.8,0.33,12,0,0,0,101.47,0,-24.38
114513,2.018,-0.07,-0.08,1.02,0.31,-0.37,-0.18,-50,43,92,53.393188,10.314933,-2.8,0.17,12,0,0,0,101.47,0,-24.66
114552,2.057,-0.07,-0.09,1.02,0.37,-0.37,-0.24,-47,42,94,53.393188,10.314933,-2.8,0.17,12,0,0,0,101.48,0,-25.04
114635,2.14,-0.07,-0.09,1.02,-0.06,-0.49,0,-50,41,90,53.393188,10.314933,-2.8,0.17,12,0,0,0,101.48,0,-25
114674,2.179,-0.07,-0.09,1.02,-0.06,-0.37,-0.18,-50,41,90,53.393188,10.314933,-2.8,0.17,12,0,0,0,101.48,0,-25.26
114833,2.338,-0.07,-0.08,1.02,0.61,-0.31,-0.12,-46,41,93,53.393188,10.314933,-2.8,0.17,12,0,0,0,101.48,0,-25.1
114872,2.377,-0.07,-0.08,1.02,0.18,-0.37,-0.18,-46,41,93,53.393188,10.314932,-2.8,0.17,12,0,0,0,101.47,0,-24.28
114910,2.415,-0.07,-0.08,1.02,-0.18,-0.43,-0.24,-46,41,93,53.393188,10.314932,-2.8,0.17,12,0,0,0,101.47,0,-24.86
114949,2.454,-0.07,-0.09,1.02,0.12,-0.37,-0.24,-47,40,92,53.393188,10.314932,-2.8,0.17,12,0,0,0,101.48,0,-25.48
114988,2.493,-0.07,-0.09,1.02,0.61,-0.31,-0.06,-47,40,92,53.393188,10.314933,-2.8,0.17,12,0,0,0,101.48,0,-25.1
115028,2.533,-0.07,-0.08,1.02,0.67,-0.24,-0.12,-48,42,93,53.393188,10.314933,-2.8,0.17,12,0,0,0,101.47,0,-24.82
115067,2.572,-0.07,-0.09,1.02,0.31,-0.37,-0.18,-48,42,93,53.393188,10.314933,-2.8,0.17,12,0,0,0,101.48,0,-25.22
115105,2.61,-0.07,-0.09,1.02,0.24,-0.37,-0.24,-48,42,93,53.393188,10.314933,-2.8,0.17,12,0,0,0,101.47,0,-24.88
115145,2.65,-0.07,-0.08,1.02,-0.18,-0.49,-0.18,-52,41,94,53.393188,10.314933,-2.8,0.17,12,0,0,0,101.48,0,-25.3
115183,2.688,-0.07,-0.09,1.02,0.73,-0.24,-0.12,-52,41,94,53.393188,10.314933,-2.8,0.17,12,0,0,0,101.47,0,-24.48
115222,2.727,-0.07,-0.08,1.02,0.18,-0.43,0.06,-52,41,94,53.393188,10.314933,-2.8,0.17,12,0,0,0,101.48,0,-25.1
115262,2.767,-0.07,-0.08,1.02,-0.31,-0.55,-0.06,-48,42,94,53.393188,10.314933,-2.8,0.17,12,0,0,0,101.48,0,-25.04
115301,2.806,-0.07,-0.09,1.02,0.31,-0.31,-0.31,-48,42,94,53.393188,10.314933,-2.8,0.17,12,0,0,0,101.47,0,-24.76
115341,2.846,-0.07,-0.09,1.02,0.18,-0.37,-0.12,-48,41,96,53.393188,10.314933,-2.8,0.17,12,0,0,0,101.48,0,-25.2
115380,2.885,-0.07,-0.09,1.02,0.55,-0.31,-0.06,-48,41,96,53.393188,10.314933,-2.8,0.17,12,0,0,0,101.48,0,-25.12
115419,2.924,-0.07,-0.08,1.02,0.49,-0.31,0,-48,41,96,53.393188,10.314933,-2.8,0.17,12,0,0,0,101.48,0,-25.3
115459,2.964,-0.07,-0.08,1.02,0.12,-0.43,-0.18,-49,43,91,53.393188,10.314933,-2.8,0.17,12,0,0,0,101.48,0,-25.84
115497,3.002,-0.07,-0.09,1.02,0.24,-0.31,-0.18,-49,43,91,53.393188,10.314933,-2.8,0.17,12,0,0,0,101.48,0,-25
115537,3.042,-0.07,-0.08,1.02,0.06,-0.37,-0.18,-47,43,94,53.393188,10.314933,-2.8,0.17,12,0,0,0,101.48,0,-25.54
115576,3.081,-0.07,-0.09,1.02,0.49,-0.37,-0.12,-47,43,94,53.393188,10.314933,-2.8,0.17,12,0,0,0,101.48,0,-25.18
115614,3.119,-0.07,-0.09,1.02,0.55,-0.31,-0.12,-47,43,94,53.393188,10.314933,-2.8,0.17,12,0,0,0,101.48,0,-25.12
115654,3.159,-0.07,-0.08,1.02,-0.12,-0.43,-0.06,-49,40,93,53.393188,10.314933,-2.8,0.17,12,0,0,0,101.48,0,-25.6
115692,3.197,-0.07,-0.09,1.02,0.12,-0.37,-0.18,-49,40,93,53.393188,10.314933,-2.8,0.17,12,0,0,0,101.48,0,-25.64
115732,3.237,-0.07,-0.09,1.02,0.31,-0.37,-0.18,-49,43,95,53.393188,10.314933,-2.8,0.17,12,0,0,0,101.48,0,-25.24
115771,3.276,-0.07,-0.08,1.02,0.37,-0.31,0.06,-49,43,95,53.393188,10.314933,-2.8,0.17,12,0,0,0,101.48,0,-25.04
115809,3.314,-0.07,-0.09,1.02,0.24,-0.31,-0.12,-49,43,95,53.393188,10.314933,-2.8,0.17,12,0,0,0,101.47,0,-24.66
115968,3.473,-0.07,-0.09,1.02,0.55,-0.31,0.06,-47,43,99,53.393188,10.314933,-2.8,0.17,12,0,0,0,101.47,0,-24.66
116007,3.512,-0.07,-0.08,1.02,0.92,-0.24,-0.06,-47,43,99,53.393188,10.314933,-2.8,0.28,12,0,0,0,101.47,0,-24.74
116047,3.552,-0.07,-0.08,1.02,0.37,-0.31,-0.24,-47,42,91,53.393188,10.314933,-2.8,0.28,12,0,0,0,101.48,0,-25.14
116085,3.59,-0.07,-0.09,1.02,-2.2,-0.92,0,-47,42,91,53.393188,10.314933,-2.8,0.28,12,0,0,0,101.48,0,-26
116124,3.629,-0.07,-0.08,1.02,8.48,1.46,-0.79,-47,42,91,53.393188,10.314933,-2.8,0.15,12,0,0,0,101.48,0,-25.26
116164,3.669,-0.02,-0.2,1.1,14.28,-0.24,0.12,-48,41,88,53.393188,10.314933,-2.8,0.15,12,0,0,0,101.47,0,-24.82
116203,3.708,-0.1,-0.07,0.96,0.98,1.4,1.83,-48,41,88,53.393188,10.314933,-2.8,0.15,12,0,0,0,101.47,0,-24.56
116243,3.748,-0.1,-0.05,1.02,2.62,0.24,-0.24,-47,41,90,53.393188,10.314933,-2.8,0.28,12,0,0,0,101.48,0,-25.28
116282,3.787,-0.06,-0.09,1.05,1.16,1.59,-2.75,-47,41,90,53.393188,10.314933,-2.8,0.28,12,0,0,0,101.47,0,-24.56
116320,3.825,-0.04,-0.14,1.01,-4.15,-1.4,-2.44,-47,41,90,53.393188,10.314933,-2.8,0.28,12,0,0,0,101.47,0,-24.94
116360,3.865,-0.08,-0.07,1.01,1.46,-0.55,0,-47,41,92,53.393188,10.314932,-2.8,0.39,12,0,0,0,101.47,0,-24.12
116399,3.904,-0.08,-0.1,0.99,-4.82,-2.01,3.05,-47,41,92,53.393188,10.314932,-2.8,0.39,12,0,0,0,101.47,0,-24.86
116438,3.943,-0.05,-0.09,1.03,-3.66,-2.01,1.65,-49,42,90,53.393188,10.314932,-2.8,0.39,12,0,0,0,101.47,0,-24.46
116477,3.982,-0.07,-0.08,1.03,-5.92,-2.01,-0.73,-49,42,90,53.393188,10.314932,-2.8,0.11,12,0,0,0,101.48,0,-25.22
116516,4.021,-0.08,-0.07,1.03,-4.52,-1.65,-1.4,-49,42,90,53.393188,10.314932,-2.8,0.11,12,0,0,0,101.47,0,-24.92
116556,4.061,-0.08,-0.1,1.02,-7.63,-2.26,-0.43,-48,42,90,53.393188,10.314932,-2.8,0.11,12,0,0,0,101.47,0,-24.48
116641,4.146,-0.07,-0.07,1.02,-4.82,-1.89,1.46,-48,45,92,53.393188,10.314932,-2.7,0.15,12,0,0,0,101.48,0,-25.18
116680,4.185,-0.07,-0.07,1.03,-6.71,-2.56,1.71,-48,45,92,53.393188,10.314932,-2.7,0.15,12,0,0,0,101.47,0,-24.76
116719,4.224,-0.09,-0.05,1.03,-14.53,-4.21,1.28,-48,45,92,53.393188,10.314932,-2.7,0.15,12,0,0,0,101.48,0,-25.24
116759,4.264,-0.09,-0.07,1.03,-9.03,-2.81,-0.06,-48,45,93,53.393188,10.314932,-2.7,0.15,12,0,0,0,101.48,0,-25.38
116798,4.303,-0.08,-0.05,1.03,-9.03,-2.38,0.24,-48,45,93,53.393188,10.314932,-2.7,0.15,12,0,0,0,101.48,0,-25.04
116838,4.343,-0.08,-0.05,1.02,-5.07,-1.71,0.92,-47,43,92,53.393188,10.314932,-2.7,0.15,12,0,0,0,101.48,0,-25.12
116876,4.381,-0.09,-0.02,1.03,-8.36,-2.75,0.98,-47,43,92,53.393188,10.314932,-2.7,0.15,12,0,0,0,101.47,0,-24.78
116915,4.42,-0.08,-0.03,1.01,-7.2,-2.62,0.37,-47,43,92,53.393188,10.314932,-2.7,0.15,12,0,0,0,101.47,0,-24.94
116954,4.459,-0.07,-0.01,1.03,-5.55,-2.87,0.43,-45,42,92,53.393188,10.314932,-2.7,0.15,12,0,0,0,101.47,0,-24.16
117096,4.601,-0.01,0.01,1.1,-96.37,-10.13,0.06,-45,43,96,53.393188,10.314932,-2.7,0.15,12,0,0,0,101.47,0,-24.8
117136,4.641,-0.11,0.07,1.06,-63.72,-14.53,3.6,-40,44,96,53.393188,10.314932,-2.7,0.15,12,0,0,0,101.47,0,-24.14
117175,4.68,-0.06,0.41,1.11,-39.86,-23.01,7.81,-40,44,96,53.393188,10.314932,-2.7,0.11,12,0,0,0,101.47,0,-24.24
117214,4.719,-0.15,0.08,1.1,-74.52,-7.69,20.08,-40,44,96,53.393188,10.314932,-2.7,0.11,12,0,0,0,101.47,0,-24.4
117254,4.759,-0.07,0.19,1.09,24.96,7.51,11.47,-34,44,105,53.393188,10.314932,-2.7,0.11,12,0,0,0,101.47,0,-24.76
117293,4.798,-0.12,0.2,1.19,16.05,-10.8,3.17,-34,44,105,53.393188,10.314932,-2.7,0.09,12,0,0,0,101.47,0,-24.44
117333,4.838,-0.14,0.18,0.94,-17.27,-13.73,1.4,-31,38,99,53.393188,10.314932,-2.7,0.09,12,0,0,0,101.47,0,-24.52
117371,4.876,-0.22,0.19,0.85,-50.96,-14.04,-1.71,-31,38,99,53.393188,10.314932,-2.7,0.09,12,0,0,0,101.47,0,-24.24
117410,4.915,-0.16,0.14,0.98,-0.24,-13.06,-5.19,-31,38,99,53.393188,10.314932,-2.7,0.09,12,0,0,0,101.48,0,-25.1
117450,4.955,-0.19,0.23,1.03,30.7,-9.4,-0.92,-32,35,97,53.393188,10.314932,-2.7,0.09,12,0,0,0,101.47,0,-24.62
117489,4.994,-0.17,0.17,1,20.63,-12.82,-5.62,-32,35,97,53.393188,10.314932,-2.7,0.09,12,0,0,0,101.47,0,-24.28
117528,5.033,-0.22,0.17,1.1,34.36,-13.18,-3.3,-32,35,97,53.393188,10.314932,-2.7,0.09,12,0,0,0,101.47,0,-23.9
117568,5.073,-0.2,0.11,1.07,19.04,-12.94,-8.12,-34,35,99,53.393188,10.314932,-2.7,0.09,12,0,0,0,101.47,0,-23.96
117607,5.112,-0.23,0.14,0.92,-3.23,-6.53,-11.96,-34,35,99,53.393188,10.314932,-2.7,0.09,12,0,0,0,101.47,0,-24.14
117647,5.152,-0.26,0.13,0.97,-3.6,-4.52,-19.71,-34,39,100,53.393188,10.314932,-2.7,0.09,12,0,0,0,101.47,0,-24.5
117685,5.19,-0.15,0.15,1.05,21.61,-8.42,-10.56,-34,39,100,53.393188,10.314932,-2.7,0.09,12,0,0,0,101.47,0,-24.68
117724,5.229,-0.19,0.15,0.99,-24.41,-8.85,-8.67,-34,39,100,53.393188,10.314932,-2.7,0.09,12,0,0,0,101.47,0,-23.98
117764,5.269,-0.18,0.1,1.05,-74.22,-14.83,-13.85,-33,35,98,53.393188,10.314932,-2.6,0.09,12,0,0,0,101.47,0,-24.32
117803,5.308,-0.24,0.17,1.07,16.91,-8.67,-10.5,-33,35,98,53.393188,10.314932,-2.6,0.09,12,0,0,0,101.47,0,-24.54
117842,5.347,-0.17,0.19,1.22,-14.28,-3.3,-9.58,-32,40,97,53.393188,10.314932,-2.6,0.09,12,0,0,0,101.47,0,-24.36
117881,5.386,-0.23,0.22,1.2,-33.94,3.05,-9.46,-32,40,97,53.393188,10.314932,-2.6,0.09,12,0,0,0,101.47,0,-23.94
117919,5.424,-0.36,0.22,1.16,25.94,10.44,-13.24,-32,40,97,53.393188,10.314932,-2.6,0.09,12,0,0,0,101.47,0,-23.66
117959,5.464,-0.18,0.25,1.14,26.67,-2.69,-20.51,-32,40,94,53.393188,10.314932,-2.6,0.09,12,0,0,0,101.47,0,-24.46
117998,5.503,-0.19,0.29,1.31,1.53,-10.93,-20.14,-32,40,94,53.393188,10.314932,-2.6,0.09,12,0,0,0,101.47,0,-23.9
118037,5.542,-0.16,0.21,1.28,4.7,-17.46,-16.17,-32,37,98,53.393188,10.314932,-2.6,0.09,12,0,0,0,101.47,0,-23.98
118076,5.581,-0.17,0.2,1.21,45.9,-20.81,-12.15,-32,37,98,53.393188,10.314932,-2.6,0.09,12,0,0,0,101.47,0,-23.68
118235,5.74,-0.28,0.18,1.19,-4.09,-36.19,-13.61,-36,40,99,53.393188,10.314932,-2.6,0.09,12,0,0,0,101.47,0,-23.64
118273,5.778,-0.29,0.11,1.16,-1.28,-41.32,-15.44,-36,40,99,53.393188,10.314932,-2.6,0.09,12,0,0,0,101.42,0,-16.58
118311,5.816,-0.33,0.11,1.08,2.26,-38.82,-24.6,-36,40,99,53.393188,10.314932,-2.6,0.09,12,0,0,0,101.41,0,-14.1
118351,5.856,-0.36,0.17,0.92,14.95,-42.11,-17.21,-34,45,97,53.393188,10.314932,-2.6,0.09,12,0,0,0,101.41,0,-13.9
118390,5.895,-0.34,0.06,0.86,2.14,-51.64,-11.41,-34,45,97,53.393188,10.314932,-2.6,0.09,12,0,0,0,101.4,0,-13.04
118429,5.934,-0.4,0.05,0.82,23.38,-57.19,-6.41,-34,45,97,53.393188,10.314932,-2.6,0.09,12,0,0,0,101.4,0,-12.78
118469,5.974,-0.45,0.04,0.78,5.74,-56.34,-9.28,-36,49,92,53.393188,10.314932,-2.6,0.09,12,0,0,0,101.4,0,-12.92
118508,6.013,-0.41,-0.01,0.81,11.54,-52.43,-4.27,-36,49,92,53.393188,10.314932,-2.6,0.09,12,0,0,0,101.4,0,-12.52
118548,6.053,-0.51,0.04,0.81,17.64,-47,-1.34,-37,52,89,53.393188,10.314932,-2.6,0.09,12,0,0,0,101.4,0,-12.18
118586,6.091,-0.45,0.03,0.73,13.43,-34.55,-4.7,-37,52,89,53.393188,10.314932,-2.6,0.09,12,0,0,0,101.39,0,-11.4
118669,6.174,-0.55,0.03,0.73,6.59,-20.45,6.53,-39,54,89,53.393188,10.314932,-2.6,0.09,12,0,0,0,101.3,0,1.821.82
118707,6.212,-0.49,-0.03,0.73,35.4,-9.4,17.64,-39,54,89,53.393188,10.314932,-2.6,0.09,12,0,0,0,101.26,0,5.195.19
118747,6.252,-0.51,-0.07,0.73,31.13,-1.22,24.6,-41,57,92,53.393188,10.314932,-2.6,0.09,12,0,0,0,101.27,0,4.374.37
118786,6.291,-0.51,-0.12,0.82,34.55,3.85,23.38,-41,57,92,53.393188,10.314932,-2.6,0.8,12,0,0,0,101.27,0,4.784.78
118825,6.33,-0.46,-0.19,1.26,-69.52,7.45,7.32,-41,57,92,53.393188,10.314932,-2.6,0.8,12,0,0,0,101.35,0,-4.44
118865,6.37,-0.51,-0.22,1.39,-80.08,-66.22,-18.13,-37,53,89,53.393188,10.314932,-2.6,0.8,12,0,0,0,101.27,0,4.474.47
118903,6.408,-0.6,0.05,0.88,64.94,-79.16,-26.61,-37,53,89,53.393188,10.314932,-2.6,0.28,12,0,0,0,101.44,0,-18.94
118944,6.449,-0.66,0.01,0.82,46.2,-8.97,-16.3,-39,57,87,53.393188,10.314932,-2.6,0.28,12,0,0,0,101.44,0,-19.68
118982,6.487,-0.68,-0.05,0.95,-23.68,6.96,-30.64,-39,57,87,53.393188,10.314932,-2.6,0.28,12,0,0,0,101.45,0,-20.36
119021,6.526,-0.7,0.04,0.84,57.07,6.71,-34.97,-39,57,87,53.393188,10.314932,-2.6,0.93,12,0,0,0,101.46,0,-21.8
119061,6.566,-0.78,0.07,0.86,24.23,26.18,-43.58,-40,58,85,53.393188,10.314932,-2.6,0.93,12,0,0,0,101.45,0,-21.22
119100,6.605,-0.64,0.01,0.87,23.38,31.49,-45.96,-40,58,85,53.393188,10.314932,-2.6,0.93,12,0,0,0,101.45,0,-20.96
119140,6.645,-0.61,-0.02,1.1,9.52,30.4,-49.38,-36,58,83,53.393188,10.314932,-1.8,1.19,12,0,0,0,101.43,0,-17.82
119179,6.684,-0.57,0.16,0.93,-26.37,2.87,-42.85,-36,58,83,53.393188,10.314932,-1.8,1.19,12,0,0,0,101.43,0,-17.42
119218,6.723,-0.61,0.15,1.02,-23.38,-13.55,-18.25,-36,58,83,53.393188,10.314932,-1.8,1.19,12,0,0,0,101.45,0,-20
119376,6.881,-0.56,-0.02,0.93,-40.16,0.49,-15.14,-37,58,86,53.393188,10.314932,-1.8,0.24,12,0,0,0,101.46,0,-21.66
119415,6.92,-0.58,-0.08,1.08,-10.86,-2.93,-6.04,-37,58,86,53.393188,10.314932,-1.8,0.24,12,0,0,0,101.45,0,-21.44
119455,6.96,-0.66,0.01,1,-13.43,-1.4,-4.7,-34,59,89,53.393188,10.314932,-1.8,0.24,12,0,0,0,101.45,0,-21.18
119494,6.999,-0.61,-0.05,0.98,-7.45,-4.82,-1.95,-34,59,89,53.393188,10.314932,-1.7,0.24,12,0,0,0,101.45,0,-21.54
119532,7.037,-0.65,-0.11,1.03,62.68,-2.08,0.43,-34,59,89,53.393188,10.314932,-1.7,0.24,12,0,0,0,101.45,0,-21.48
119572,7.077,-0.65,-0.12,0.93,74.83,5.68,-6.41,-36,56,85,53.393188,10.314932,-1.7,0.24,12,0,0,0,101.45,0,-21.62
119611,7.116,-0.61,-0.11,0.89,44.8,11.78,-13.24,-36,56,85,53.393188,10.314932,-1.7,0.24,12,0,0,0,101.46,0,-21.74
119651,7.156,-0.58,-0.19,0.94,62.68,23.07,-16.42,-38,57,90,53.393188,10.314932,-1.7,0.24,12,0,0,0,101.46,0,-22.36
119690,7.195,-0.59,-0.08,0.94,54.5,34.36,-10.56,-38,57,90,53.393188,10.314932,-1.7,0.24,12,0,0,0,101.46,0,-21.94
119729,7.234,-0.63,-0.09,1.07,-10.19,22.09,-20.63,-38,57,90,53.393188,10.314932,-1.7,0.24,12,0,0,0,101.46,0,-21.7
119769,7.274,-0.63,-0.06,1.09,1.83,11.23,-17.33,-39,56,86,53.393188,10.314932,-1.7,0.24,12,0,0,0,101.46,0,-22.3
119807,7.312,-0.66,-0.06,0.99,2.38,-3.6,-16.66,-39,56,86,53.393188,10.314932,-1.7,0.24,12,0,0,0,101.46,0,-22.48
119847,7.352,-0.66,-0.05,1.06,-7.87,-0.79,-27.53,-41,56,88,53.393188,10.314932,-1.7,0.24,12,0,0,0,101.46,0,-22.24
119885,7.39,-0.67,-0.07,0.99,44.86,3.17,-34.18,-41,56,88,53.393188,10.314932,-1.7,0.24,12,0,0,0,101.47,0,-23.94
119924,7.429,-0.57,-0.16,1.01,133.97,20.51,-30.03,-41,56,88,53.393188,10.314932,-1.7,0.24,12,0,0,0,101.56,0,-39.28
119964,7.469,-0.47,-0.38,1.01,55.3,22.16,-34.61,-40,55,91,53.393188,10.314932,-1.7,0.24,12,0,0,0,101.55,0,-37.54
120003,7.508,-0.51,-0.34,1.02,-53.41,1.65,-39.73,-40,55,91,53.393188,10.314932,-1.7,0.24,12,0,0,0,101.48,0,-25.18
120042,7.547,-0.5,-0.25,1.03,-89.42,-1.22,-44.56,-38,55,89,53.393188,10.314932,-1.7,0.24,12,0,0,0,101.45,0,-20.8
120081,7.586,-0.57,-0.11,1.05,-122.13,7.39,-59.75,-38,55,89,53.393188,10.314932,-1.7,0.24,12,0,0,0,101.45,0,-21.52
120120,7.625,-0.49,-0.02,1.04,-104.68,10.01,-62.74,-38,55,89,53.393188,10.314932,-1.7,0.24,12,0,0,0,101.33,0,-0.26
120160,7.665,-0.5,0.02,1.02,-97.9,-1.04,-45.47,-29,55,89,53.393188,10.314932,-1.7,0.24,12,0,0,0,101.31,0,1.441.44
120198,7.703,-0.55,0.1,0.98,7.93,-11.17,-29.97,-29,55,89,53.393188,10.314932,-1.7,0.24,12,0,0,0,101.3,0,1.701.70
120237,7.742,-0.53,0.05,0.9,37.6,-8.42,-34.61,-29,55,89,53.393188,10.314932,-1.7,0.24,12,0,0,0,101.44,0,-18.46
120276,7.781,-0.54,0.05,0.98,83.68,-14.22,-36.44,-29,54,88,53.393188,10.314932,-1.7,0.24,12,0,0,0,101.45,0,-21.54
120315,7.82,-0.54,-0.21,1.09,86.91,-10.93,-41.87,-29,54,88,53.393188,10.314932,-1.7,0.24,12,0,0,0,101.46,0,-22.08
120354,7.859,-0.62,-0.06,1.01,52.8,-4.21,-36.93,-31,55,89,53.393188,10.314932,-1.7,0.24,12,0,0,0,101.46,0,-22
120496,8.001,-0.62,-0.28,1.06,-29.05,18.55,-28.02,-32,54,83,53.393188,10.314932,-1.7,0.24,12,0,0,0,101.46,0,-22.62
120535,8.04,-0.59,-0.05,1.08,-10.13,10.31,-18.86,-32,54,83,53.393188,10.314932,-1.7,0.24,12,0,0,0,101.46,0,-22.42
120575,8.08,-0.54,0.03,1,14.1,11.23,-33.33,-29,55,92,53.393188,10.314932,-1.7,0.24,12,0,0,0,101.45,0,-21.48
120614,8.119,-0.56,-0.07,1.13,25.63,3.17,-24.05,-29,55,92,53.393188,10.314932,-1.7,0.24,12,0,0,0,101.45,0,-21.28
120698,8.203,-0.59,-0.08,0.99,24.78,5.92,-15.99,-29,51,91,53.393188,10.314932,-1.7,0.24,12,0,0,0,101.46,0,-21.96
120737,8.242,-0.57,-0.13,1.03,18.37,7.39,-22.34,-29,51,91,53.393188,10.314932,-1.7,0.24,12,0,0,0,101.46,0,-22.18
120777,8.282,-0.53,-0.17,1.04,3.05,3.23,-22.77,-29,50,93,53.393188,10.314932,-1.7,0.24,12,0,0,0,101.46,0,-21.86
120815,8.32,-0.51,-0.1,1.08,8.36,-1.65,-20.81,-29,50,93,53.393188,10.314932,-1.7,0.24,12,0,0,0,101.45,0,-21.46
120855,8.36,-0.51,-0.06,1.02,14.83,3.17,-21.79,-29,51,89,53.393188,10.314932,-1.7,0.24,12,0,0,0,101.45,0,-21.52
120893,8.398,-0.51,-0.15,0.98,17.76,3.17,-21,-29,51,89,53.393188,10.314932,-1.7,0.24,12,0,0,0,101.46,0,-22.8
120931,8.436,-0.49,-0.16,1.02,17.64,-3.42,-28.69,-29,51,89,53.393188,10.314932,-1.7,0.24,12,0,0,0,101.45,0,-21.3
120971,8.476,-0.53,-0.26,1.02,-9.83,-14.16,-18.07,-30,50,91,53.393188,10.314932,-1.7,0.24,12,0,0,0,101.46,0,-22.4
121010,8.515,-0.54,-0.16,0.99,-28.2,-26.43,-2.08,-30,50,91,53.393188,10.314932,-1.7,0.24,12,0,0,0,101.46,0,-21.92
121050,8.555,-0.55,-0.02,1.02,-13.85,-29.54,-16.6,-27,52,89,53.393188,10.314932,-1.7,0.24,12,0,0,0,101.46,0,-22.44
121089,8.594,-0.57,-0.11,1.04,0,-29.54,-26.79,-27,52,89,53.393188,10.314932,-1.7,0.24,12,0,0,0,101.46,0,-23.14
121128,8.633,-0.6,-0.12,1.03,-4.7,-26.92,-20.32,-27,52,89,53.393188,10.314932,-1.7,0.24,12,0,0,0,101.49,0,-28.24
121168,8.673,-0.64,-0.13,1.03,-7.39,-24.72,-14.77,-27,55,89,53.393188,10.314932,-1.7,0.24,12,0,0,0,101.55,0,-36.9
121207,8.712,-0.64,-0.04,1.01,7.02,-14.22,-25.63,-27,55,89,53.393188,10.314932,-1.7,0.24,12,0,0,0,101.52,0,-31.74
121245,8.75,-0.65,-0.15,0.96,-5.19,-9.7,-23.86,-27,55,89,53.393188,10.314932,-1.7,0.24,12,0,0,0,101.47,0,-23.42
121285,8.79,-0.65,-0.09,0.97,-13.67,-13.55,-11.9,-24,56,83,53.393188,10.314932,-1.7,0.24,12,0,0,0,101.42,0,-15.76
121323,8.828,-0.68,-0.08,1.03,-12.51,-14.77,-7.32,-24,56,83,53.393188,10.314932,-1.7,0.13,12,0,0,0,101.42,0,-15.3
121364,8.869,-0.66,-0.04,0.96,-8,-8.3,-12.82,-23,58,87,53.393188,10.314932,-1.7,0.13,12,0,0,0,101.42,0,-16.06
121402,8.907,-0.68,-0.07,0.98,-5.13,-9.64,-11.9,-23,58,87,53.393188,10.314932,-1.7,0.13,12,0,0,0,101.42,0,-16.04
121440,8.945,-0.68,-0.01,0.99,-3.17,-6.65,-11.05,-23,58,87,53.393188,10.314932,-1.7,0.28,12,0,0,0,101.42,0,-15.36
121481,8.986,-0.69,-0.07,0.97,8.73,-1.53,-18.8,-24,55,84,53.393188,10.314932,-1.7,0.28,12,0,0,0,101.43,0,-16.76
121639,9.144,-0.71,-0.01,0.99,3.48,1.53,-9.95,-21,55,89,53.393188,10.314932,-1.7,0.28,12,0,0,0,101.42,0,-16.32
121680,9.185,-0.7,-0.03,0.99,2.01,4.27,-6.71,-23,57,87,53.393188,10.314932,-1.6,0.2,12,0,0,0,101.43,0,-18.28
121718,9.223,-0.7,-0.02,0.98,4.52,3.85,-8.18,-23,57,87,53.393188,10.314932,-1.6,0.2,12,0,0,0,101.46,0,-21.8
121757,9.262,-0.68,0,0.98,-4.27,-1.65,-2.81,-18,54,87,53.393188,10.314932,-1.6,0.2,12,0,0,0,101.46,0,-22.74
121797,9.302,-0.69,-0.03,0.98,-4.52,-3.91,-6.84,-18,54,87,53.393188,10.314932,-1.6,0.3,12,0,0,0,101.47,0,-23.36
121835,9.34,-0.69,0.01,1.01,-10.44,-5.37,-2.81,-18,54,87,53.393188,10.314932,-1.6,0.3,12,0,0,0,101.46,0,-22.88
121875,9.38,-0.69,-0.03,0.98,-2.69,-6.1,-1.89,-20,57,83,53.393188,10.314932,-1.6,0.3,12,0,0,0,101.47,0,-23.44
121914,9.419,-0.68,-0.03,0.98,-7.02,-6.71,-2.08,-20,57,83,53.393188,10.314932,-1.6,0.26,12,0,0,0,101.47,0,-23.74
121954,9.459,-0.68,-0.02,0.96,-11.96,-7.26,-5.55,-18,57,84,53.393188,10.314932,-1.6,0.26,12,0,0,0,101.46,0,-22.86
121992,9.497,-0.69,0.02,0.97,-4.15,-6.1,-3.23,-18,57,84,53.393188,10.314932,-1.6,0.26,12,0,0,0,101.46,0,-23.06
122031,9.536,-0.71,-0.01,0.96,2.75,-3.11,-2.87,-18,57,84,53.393188,10.314932,-1.6,0.26,12,0,0,0,101.47,0,-23.68
122071,9.576,-0.7,-0.01,0.96,-5.37,-0.79,-5.19,-20,56,82,53.393188,10.314932,-1.6,0.26,12,0,0,0,101.47,0,-24.04
122110,9.615,-0.7,0.03,0.99,-5.86,-1.34,-4.39,-20,56,82,53.393188,10.314932,-1.6,0.26,12,0,0,0,101.47,0,-23.7
122149,9.654,-0.7,0.02,0.97,-3.48,-3.36,-4.82,-20,56,82,53.393188,10.314932,-1.6,0.26,12,0,0,0,101.47,0,-23.84
122188,9.693,-0.72,0.02,0.96,-1.65,-4.03,-2.75,-20,55,83,53.393188,10.314932,-1.6,0.26,12,0,0,0,101.47,0,-24.4
122227,9.732,-0.71,0.01,0.97,-4.82,-2.69,-2.81,-20,55,83,53.393188,10.314932,-1.6,0.26,12,0,0,0,101.47,0,-24.46
122267,9.772,-0.71,0.03,0.97,-3.54,-4.94,-2.32,-19,56,86,53.393188,10.314932,-1.6,0.26,12,0,0,0,101.47,0,-24.32
122306,9.811,-0.71,0.02,0.97,3.23,-6.16,-0.98,-19,56,86,53.393188,10.314932,-1.6,0.26,12,0,0,0,101.48,0,-25.3
122344,9.849,-0.71,0.02,0.95,-2.5,-5.25,-3.97,-19,56,86,53.393188,10.314932,-1.6,0.26,12,0,0,0,101.47,0,-24.52
122384,9.889,-0.72,0.03,0.94,0.79,-4.09,-4.76,-18,56,84,53.393188,10.314932,-1.6,0.26,12,0,0,0,101.47,0,-24.32
122423,9.928,-0.71,0.04,0.95,4.09,-0.55,-3.23,-18,56,84,53.393188,10.314932,-1.6,0.26,12,0,0,0,101.47,0,-24.18
122463,9.968,-0.72,0.04,0.96,5.25,0.67,-2.14,-18,57,79,53.393188,10.314932,-1.6,0.26,12,0,0,0,101.47,0,-24.08
122501,10.006,-0.7,0.04,0.96,2.08,-0.55,-0.85,-18,57,79,53.393188,10.314932,-1.6,0.26,12,0,0,0,101.47,0,-24.38
122540,10.045,-0.72,0.03,0.95,2.2,-0.24,0.67,-18,57,79,53.393188,10.314932,-1.6,0.26,12,0,0,0,101.47,0,-23.86
122580,10.085,-0.72,0.03,0.95,0.31,2.2,2.14,-17,55,84,53.393188,10.314932,-1.6,0.26,12,0,0,0,101.47,0,-23.7
122713,10.218,-0.7,0.02,0.97,2.08,3.91,4.27,-18,56,84,53.393188,10.314932,-1.6,0.26,12,0,0,0,101.45,0,-20.26
122888,10.393,-0.68,0,0.98,0.18,1.89,-1.59,-18,53,88,53.393188,10.314932,-1.6,0.26,12,0,0,0,101.43,0,-18.04
122926,10.431,-0.7,0.01,0.98,1.28,0.92,-1.95,-18,53,88,53.393188,10.314932,-1.6,0.26,12,0,0,0,101.43,0,-17.44
122966,10.471,-0.69,0,0.98,1.89,1.77,-2.69,-19,57,84,53.393188,10.314932,-1.6,0.26,12,0,0,0,101.43,0,-18.14
123005,10.51,-0.68,0.02,0.98,0.37,0.61,-3.42,-19,57,84,53.393188,10.314932,-1.6,0.26,12,0,0,0,101.44,0,-18.46
123044,10.549,-0.69,0.02,0.98,0.92,0,-3.05,-19,57,84,53.393188,10.314932,-1.6,0.26,12,0,0,0,101.44,0,-19.02
123084,10.589,-0.69,0.02,0.98,1.04,0.79,-2.69,-19,55,83,53.393188,10.314932,-1.6,0.26,12,0,0,0,101.45,0,-21.04
123122,10.627,-0.68,0.02,0.97,-0.31,-0.37,-2.26,-19,55,83,53.393188,10.314932,-1.6,0.26,12,0,0,0,101.45,0,-21.34
123162,10.667,-0.69,0.01,0.96,3.42,0.49,-2.44,-19,55,85,53.393188,10.314932,-1.6,0.22,12,0,0,0,101.46,0,-22.34
123200,10.705,-0.68,0.01,0.97,1.04,2.81,-2.32,-19,55,85,53.393188,10.314932,-1.6,0.22,12,0,0,0,101.46,0,-21.84
123239,10.744,-0.68,0.02,0.97,2.93,2.99,-2.14,-19,55,85,53.393188,10.314932,-1.6,0.22,12,0,0,0,101.46,0,-21.94
123278,10.783,-0.68,0.01,0.99,2.2,3.05,-2.62,-20,52,87,53.393188,10.314932,-1.6,0.07,12,0,0,0,101.46,0,-23.2
123317,10.822,-0.68,0.02,0.98,0.85,2.14,-2.69,-20,52,87,53.393188,10.314932,-1.6,0.07,12,0,0,0,101.47,0,-23.46
123357,10.862,-0.69,0.02,0.98,0.98,0.79,-1.28,-20,53,84,53.393188,10.314932,-1.6,0.07,12,0,0,0,101.47,0,-24.28
123396,10.901,-0.69,0.02,0.97,0.12,1.83,-1.28,-20,53,84,53.393188,10.314932,-1.6,0.15,12,0,0,0,101.47,0,-24.02
123435,10.94,-0.68,0.02,0.98,-0.85,1.65,0.37,-20,53,84,53.393188,10.314932,-1.6,0.15,12,0,0,0,101.46,0,-23.02
123475,10.98,-0.68,0.02,0.98,0,1.1,1.77,-20,55,90,53.393188,10.314932,-1.6,0.15,12,0,0,0,101.47,0,-23.7
123514,11.019,-0.67,0.01,0.98,1.1,1.34,2.14,-20,55,90,53.393188,10.314932,-1.5,0.11,12,0,0,0,101.46,0,-22.48
123552,11.057,-0.66,0.01,0.98,-0.43,2.32,0.92,-20,55,90,53.393188,10.314932,-1.5,0.11,12,0,0,0,101.46,0,-22.8
123592,11.097,-0.67,0.01,0.98,0.98,1.59,1.1,-21,55,89,53.393188,10.314932,-1.5,0.11,12,0,0,0,101.47,0,-23.34
123631,11.136,-0.67,0,0.98,2.69,2.14,1.22,-21,55,89,53.393188,10.314932,-1.5,0.04,12,0,0,0,101.47,0,-23.66
123671,11.176,-0.68,0,0.98,1.16,1.59,0.06,-18,54,85,53.393188,10.314932,-1.5,0.04,12,0,0,0,101.47,0,-23.72
123710,11.215,-0.66,-0.01,0.98,2.08,2.38,-1.34,-18,54,85,53.393188,10.314932,-1.5,0.04,12,0,0,0,101.46,0,-23.18
123749,11.254,-0.66,0,0.98,-0.06,1.95,-3.36,-18,54,85,53.393188,10.314932,-1.5,0.06,12,0,0,0,101.46,0,-22.74
123789,11.294,-0.66,0.01,0.99,1.65,2.01,-3.78,-21,53,92,53.393188,10.314932,-1.5,0.06,12,0,0,0,101.47,0,-23.36
123828,11.333,-0.67,0.01,0.99,2.08,2.62,-3.42,-21,53,92,53.393188,10.314932,-1.5,0.06,12,0,0,0,101.47,0,-23.56
123868,11.373,-0.66,0.02,1,2.38,2.62,-2.32,-19,53,87,53.393188,10.314932,-1.5,0.06,12,0,0,0,101.46,0,-22.96
124143,11.648,-0.66,0,0.99,0.67,-1.28,0.31,-18,54,91,53.393188,10.314932,-1.5,0.06,12,0,0,0,101.47,0,-23.34
124183,11.688,-0.66,0,0.99,-0.49,-2.14,0.18,-17,54,87,53.393188,10.314932,-1.5,0.06,12,0,0,0,101.47,0,-24.42
124222,11.727,-0.66,0,0.99,1.28,-2.32,-0.73,-17,54,87,53.393188,10.314932,-1.5,0.06,12,0,0,0,101.47,0,-24.24
124262,11.767,-0.66,-0.01,0.99,2.81,-2.32,-0.92,-19,52,84,53.393188,10.314932,-1.5,0.06,12,0,0,0,101.47,0,-24.16
124300,11.805,-0.67,0,0.99,2.62,-2.69,-0.98,-19,52,84,53.393188,10.314932,-1.5,0.06,12,0,0,0,101.47,0,-23.48
124339,11.844,-0.67,-0.01,0.98,3.17,-2.38,-0.85,-19,52,84,53.393188,10.314932,-1.5,0.06,12,0,0,0,101.47,0,-23.74
124379,11.884,-0.66,-0.01,0.97,2.69,-1.89,-2.56,-17,56,81,53.393188,10.314932,-1.5,0.06,12,0,0,0,101.46,0,-23.24
124418,11.923,-0.67,-0.01,0.98,2.08,-1.04,-4.82,-17,56,81,53.393188,10.314932,-1.5,0.06,12,0,0,0,101.47,0,-23.4
124458,11.963,-0.66,0,0.99,1.34,-0.31,-5.55,-18,54,91,53.393188,10.314932,-1.5,0.06,12,0,0,0,101.46,0,-23.08
124497,12.002,-0.66,0,0.99,-0.31,-0.49,-5.55,-18,54,91,53.393188,10.314932,-1.5,0.06,12,0,0,0,101.47,0,-23.78
124535,12.04,-0.67,0.01,0.99,3.05,-1.04,-3.48,-18,54,91,53.393188,10.314932,-1.5,0.06,12,0,0,0,101.47,0,-23.74
124574,12.079,-0.68,0,0.98,2.99,-0.37,-3.42,-21,55,84,53.393188,10.314932,-1.5,0.06,12,0,0,0,101.46,0,-23.08
124613,12.118,-0.68,0.01,0.98,1.77,-0.98,-3.48,-21,55,84,53.393188,10.314932,-1.5,0.06,12,0,0,0,101.46,0,-22.96
124651,12.156,-0.67,0.02,0.98,-0.92,-1.22,-3.91,-21,55,84,53.393188,10.314932,-1.5,0.06,12,0,0,0,101.47,0,-23.64
124736,12.241,-0.68,0,0.97,-6.35,-1.1,-2.38,-20,55,84,53.393188,10.314932,-1.4,0.17,12,0,0,0,101.47,0,-24.2
124775,12.28,-0.67,0,0.99,-5.98,1.22,-0.55,-18,55,91,53.393188,10.314932,-1.4,0.17,12,0,0,0,101.46,0,-22.72
124814,12.319,-0.67,0,0.99,-4.39,0.12,-0.06,-18,55,91,53.393188,10.314932,-1.4,0.17,12,0,0,0,101.47,0,-23.74
124853,12.358,-0.67,0,0.99,-0.67,-0.49,-2.32,-18,55,91,53.393188,10.314932,-1.4,0.17,12,0,0,0,101.47,0,-23.44
124893,12.398,-0.66,0.01,0.98,-5.74,-0.85,-7.2,-17,50,83,53.393188,10.314932,-1.4,0.17,12,0,0,0,101.47,0,-23.7
124932,12.437,-0.66,0.03,0.98,-8.54,-1.71,-9.64,-17,50,83,53.393188,10.314932,-1.4,0.17,12,0,0,0,101.47,0,-23.48
124972,12.477,-0.68,0.04,0.98,-5.8,-1.71,-9.7,-17,52,82,53.393188,10.314932,-1.4,0.17,12,0,0,0,101.47,0,-23.7
125011,12.516,-0.68,0.06,0.98,0.92,-2.26,-5.86,-17,52,82,53.393188,10.314932,-1.4,0.17,12,0,0,0,101.47,0,-23.4
125050,12.555,-0.69,0.06,0.98,2.2,-2.62,-4.03,-17,52,82,53.393188,10.314932,-1.4,0.17,12,0,0,0,101.47,0,-23.68
125090,12.595,-0.68,0.05,0.98,0.73,-2.14,-0.31,-15,54,89,53.393188,10.314932,-1.4,0.17,12,0,0,0,101.47,0,-24.12
125128,12.633,-0.69,0.05,0.97,-3.6,-0.18,2.26,-15,54,89,53.393188,10.314932,-1.4,0.17,12,0,0,0,101.47,0,-24.22
